{
    "dashboardTitle": "ServiceGrid",
    "charts": {
        "tabs": ["Metric 1", "Metric 2", "Metric 3", "Metric 4"],
        "pieCharts": {
            "title": "CHART TITLE",
            "charts": [
                {
                    "data": [{
                            "value": 75,
                            "color": "#0096d6",
                            "highlight": "#0078ab",
                            "label": "Blue"
                    },
                        {
                            "value": 25,
                            "color": "#ececec",
                            "highlight": "#ccc",
                            "label": "Gray"
                             }
                            ],
                    "options": {
                        "segmentShowStroke": false,
                        "percentageInnerCutout": 82,
                        "animationSteps": 60,
                        "animationEasing": "easeOutQuart",
                        "animateRotate": true,
                        "animateScale": false,
                        "showTooltips": false
                    },
                    "chartInside": {
                        "title": "Lorem ipsum"
                    },
                    "chartOutside": {
                        "number": "2,348.75",
                        "change": "growth",
                        "percentage": 4,
                        "title": "Adipiscing set consect"
                    }
                },
                {
                    "data": [{
                            "value": 45,
                            "color": "#0096d6",
                            "highlight": "#0078ab",
                            "label": "Blue"
                        },
                        {
                            "value": 55,
                            "color": "#ececec",
                            "highlight": "#ccc",
                            "label": "Gray"
                        }
                    ],
                    "options": {
                        "segmentShowStroke": false,
                        "percentageInnerCutout": 82,
                        "animationSteps": 60,
                        "animationEasing": "easeOutQuart",
                        "animateRotate": true,
                        "animateScale": false,
                        "showTooltips": false
                    },
                    "chartInside": {
                        "title": "Lorem ipsum"
                    },
                    "chartOutside": {
                        "number": "3,248.84",
                        "change": "growth",
                        "percentage": 10,
                        "title": "Set adipiscing consect"
                    }
                },
                {
                    "data": [{
                            "value": 12,
                            "color": "#0096d6",
                            "highlight": "#0078ab",
                            "label": "Blue"
                        },
                        {
                            "value": 88,
                            "color": "#ececec",
                            "highlight": "#ccc",
                            "label": "Gray"
                        }
                    ],
                    "options": {
                        "segmentShowStroke": false,
                        "percentageInnerCutout": 82,
                        "animationSteps": 60,
                        "animationEasing": "easeOutQuart",
                        "animateRotate": true,
                        "animateScale": false,
                        "showTooltips": false
                    },
                    "chartInside": {
                        "title": "Lorem ipsum"
                    },
                    "chartOutside": {
                        "number": "1,949.83",
                        "change": "decrease",
                        "percentage": 10,
                        "title": "Consect adipiscing set"
                    }
                },
                {
                    "data": [{
                            "value": 24,
                            "color": "#0096d6",
                            "highlight": "#0078ab",
                            "label": "Blue"
                        },
                        {
                            "value": 76,
                            "color": "#ececec",
                            "highlight": "#ccc",
                            "label": "Gray"
                        }
                    ],
                    "options": {
                        "segmentShowStroke": false,
                        "percentageInnerCutout": 82,
                        "animationSteps": 60,
                        "animationEasing": "easeOutQuart",
                        "animateRotate": true,
                        "animateScale": false,
                        "showTooltips": false
                    },
                    "chartInside": {
                        "title": "Lorem ipsum"
                    },
                    "chartOutside": {
                        "number": "5,348.75",
                        "change": "growth",
                        "percentage": 50,
                        "title": "Adipiscing set consect"
                    }
                }
            ]
        },
        "barCharts": {
            "title": "CHART TITLE",
            "charts": [
                {
                    "data": {
                        "labels": ["WEEK1", "WEEK2", "WEEK3", "WEEK4", "WEEK5", "WEEK6"],
                        "datasets": [
                            {
                                "label": "My First dataset",
                                "fillColor": "#7fcaea",
                                "highlightFill": "#aaddf3",
                                "data": [65, 59, 80, 81, 56, 55]
                            },
                            {
                                "label": "My Second dataset",
                                "fillColor": "#0096d6",
                                "highlightFill": "#00aaf3",
                                "data": [28, 48, 40, 19, 86, 27]
                            }]

                    },
                    "options": {
                        "showTooltips": false,
                        "scaleShowLabels": false,
                        "scaleBeginAtZero": true,
                        "scaleFontFamily": "Arial",
                        "scaleFontSize": 11,
                        "scaleFontStyle": "lighter",
                        "scaleLineColor": "white",
                        "scaleFontColor": "#999",
                        "scaleShowGridLines": false,
                        "barShowStroke": false,
                        "barValueSpacing": 8,
                        "relativeBars": false
                    }
                },
                {
                    "data": {
                        "labels": ["WEEK1", "WEEK2", "WEEK3", "WEEK4", "WEEK5", "WEEK6", "WEEK7", "WEEK8", "WEEK9", "WEEK10"],
                        "datasets": [
                            {
                                "label": "My First dataset",
                                "fillColor": "#7fcaea",
                                "highlightFill": "#aaddf3",
                                "data": [6, 9, 180, 21, 56, 35, 28, 94, 78, 80]
                            },
                            {
                                "label": "My Second dataset",
                                "fillColor": "#0096d6",
                                "highlightFill": "#00aaf3",
                                "data": [108, 48, 70, 98, 26, 27, 75, 29, 98, 88]
                            }]

                    },
                    "options": {
                        "showTooltips": false,
                        "scaleShowLabels": false,
                        "scaleBeginAtZero": true,
                        "scaleFontFamily": "Arial",
                        "scaleFontSize": 11,
                        "scaleFontStyle": "lighter",
                        "scaleLineColor": "white",
                        "scaleFontColor": "#999",
                        "scaleShowGridLines": false,
                        "barShowStroke": false,
                        "barValueSpacing": 8,
                        "relativeBars": false
                    }
                },
                {
                    "data": {
                        "labels": ["WEEK1", "WEEK2", "WEEK3"],
                        "datasets": [
                            {
                                "label": "My First dataset",
                                "fillColor": "#7fcaea",
                                "highlightFill": "#aaddf3",
                                "data": [44, 33, 55]
                            },
                            {
                                "label": "My Second dataset",
                                "fillColor": "#0096d6",
                                "highlightFill": "#00aaf3",
                                "data": [9, 8, 72]
                            }]

                    },
                    "options": {
                        "showTooltips": false,
                        "scaleShowLabels": false,
                        "scaleBeginAtZero": true,
                        "scaleFontFamily": "Arial",
                        "scaleFontSize": 11,
                        "scaleFontStyle": "lighter",
                        "scaleLineColor": "white",
                        "scaleFontColor": "#999",
                        "scaleShowGridLines": false,
                        "barShowStroke": false,
                        "barValueSpacing": 8,
                        "relativeBars": false
                    }
                },
                {
                    "data": {
                        "labels": ["MONTH1", "MONTH2", "MONTH3"],
                        "datasets": [
                            {
                                "label": "My First dataset",
                                "fillColor": "#7fcaea",
                                "highlightFill": "#aaddf3",
                                "data": [56, 95, 18]
                            },
                            {
                                "label": "My Second dataset",
                                "fillColor": "#0096d6",
                                "highlightFill": "#00aaf3",
                                "data": [82, 83, 91]
                            }]

                    },
                    "options": {
                        "showTooltips": false,
                        "scaleShowLabels": false,
                        "scaleBeginAtZero": true,
                        "scaleFontFamily": "Arial",
                        "scaleFontSize": 11,
                        "scaleFontStyle": "lighter",
                        "scaleLineColor": "white",
                        "scaleFontColor": "#999",
                        "scaleShowGridLines": false,
                        "barShowStroke": false,
                        "barValueSpacing": 8,
                        "relativeBars": false
                    }
                }
            ]
        },
        "lineCharts": {
            "title": "CHART TITLE",
            "charts": [
                {
                    "data": {
                        "labels": ["", "", "", "", "", "", ""],
                        "datasets": [
                            {
                                "label": "Lorem ipsum",
                                "strokeColor": "#f58025",
                                "data": [7.200, 4.200, 8.700, 7.800, 3.000, 12.200, 3.700]
                            },
                            {
                                "label": "Ipsum lorem",
                                "strokeColor": "#7ab800",
                                "data": [3.000, 10.010, 2.700, 2.800, 10.000, 6.200, 12.000]
                            }
                        ]
                    },
                    "options": {
                        "showTooltips": false,
                        "showXLabels": 3,
                        "scaleOverride": true,
                        "scaleIntegersOnly": true,
                        "scaleSteps": 3,
                        "scaleStepWidth": 5,
                        "scaleStartValue": 0,
                        "scaleLabel": "<%=value + '.000' %>",
                        "scaleShowGridLines": true,
                        "scaleGridLineColor": "#e3e3e3",
                        "scaleGridLineWidth": 1,
                        "scaleFontColor": "#999",
                        "scaleShowHorizontalLines": true,
                        "scaleShowVerticalLines": true,
                        "bezierCurve": true,
                        "bezierCurveTension": 0.4,
                        "pointDot": false,
                        "datasetStroke": true,
                        "datasetStrokeWidth": 4,
                        "datasetFill": false

                    },
                    "labels": ["WEEK1", "WEEK2", "WEEK3", "WEEK4", "WEEK5", "WEEK6"]
                },
                {
                    "data": {
                        "labels": ["", "", "", "", "", "", "", "", "", "", ""],
                        "datasets": [
                            {
                                "label": "Ipsum lorem 2",
                                "strokeColor": "#f58025",
                                "data": [7.200, 4.200, 8.700, 7.800, 3.000, 12.200, 3.700, 2, 3, 6, 10]
                            },
                            {
                                "label": "Lorem ipsum 2",
                                "strokeColor": "#7ab800",
                                "data": [3.000, 10.010, 2.700, 2.800, 10.000, 6.200, 12.000, 10, 14, 2, 5]
                            }
                        ]
                    },
                    "options": {
                        "showTooltips": false,
                        "showXLabels": 3,
                        "scaleOverride": true,
                        "scaleIntegersOnly": true,
                        "scaleSteps": 3,
                        "scaleStepWidth": 5,
                        "scaleStartValue": 0,
                        "scaleLabel": "<%=value + '.000' %>",
                        "scaleShowGridLines": true,
                        "scaleGridLineColor": "#e3e3e3",
                        "scaleGridLineWidth": 1,
                        "scaleFontColor": "#999",
                        "scaleShowHorizontalLines": true,
                        "scaleShowVerticalLines": true,
                        "bezierCurve": true,
                        "bezierCurveTension": 0.4,
                        "pointDot": false,
                        "datasetStroke": true,
                        "datasetStrokeWidth": 4,
                        "datasetFill": false

                    },
                    "labels": ["WEEK1", "WEEK2", "WEEK3", "WEEK4", "WEEK5", "WEEK6", "WEEK7", "WEEK8", "WEEK9", "WEEK10"]
                },
                {
                    "data": {
                        "labels": ["", "", "", ""],
                        "datasets": [
                            {
                                "label": "Ipsum lorem 3",
                                "strokeColor": "#f58025",
                                "data": [7.200, 4.200, 8.700, 7.800]
                            },
                            {
                                "label": "Lorem ipsum 3",
                                "strokeColor": "#7ab800",
                                "data": [3.000, 10.010, 2.700, 2.800]
                            }
                        ]
                    },
                    "options": {
                        "showTooltips": false,
                        "showXLabels": 3,
                        "scaleOverride": true,
                        "scaleIntegersOnly": true,
                        "scaleSteps": 3,
                        "scaleStepWidth": 5,
                        "scaleStartValue": 0,
                        "scaleLabel": "<%=value + '.000' %>",
                        "scaleShowGridLines": true,
                        "scaleGridLineColor": "#e3e3e3",
                        "scaleGridLineWidth": 1,
                        "scaleFontColor": "#999",
                        "scaleShowHorizontalLines": true,
                        "scaleShowVerticalLines": true,
                        "bezierCurve": true,
                        "bezierCurveTension": 0.4,
                        "pointDot": false,
                        "datasetStroke": true,
                        "datasetStrokeWidth": 4,
                        "datasetFill": false

                    },
                    "labels": ["WEEK1", "WEEK2", "WEEK3"]
                },

                {
                    "data": {
                        "labels": ["", "", "", ""],
                        "datasets": [
                            {
                                "label": "Ipsum lorem 4",
                                "strokeColor": "#f58025",
                                "data": [10.200, 1.200, 0.700, 15.000]
                            },
                            {
                                "label": "Lorem ipsum 4",
                                "strokeColor": "#7ab800",
                                "data": [10.000, 10.010, 4.700, 8.800]
                            }
                        ]
                    },
                    "options": {
                        "showTooltips": false,
                        "showXLabels": 3,
                        "scaleOverride": true,
                        "scaleIntegersOnly": true,
                        "scaleSteps": 3,
                        "scaleStepWidth": 5,
                        "scaleStartValue": 0,
                        "scaleLabel": "<%=value + '.000' %>",
                        "scaleShowGridLines": true,
                        "scaleGridLineColor": "#e3e3e3",
                        "scaleGridLineWidth": 1,
                        "scaleFontColor": "#999",
                        "scaleShowHorizontalLines": true,
                        "scaleShowVerticalLines": true,
                        "bezierCurve": true,
                        "bezierCurveTension": 0.4,
                        "pointDot": false,
                        "datasetStroke": true,
                        "datasetStrokeWidth": 4,
                        "datasetFill": false

                    },
                    "labels": ["MONTH1", "MONTH2", "MONTH3"]
                }
            ]
        }
    },
    "activities": [
        {
            "type": "alert",
            "title": "Alert Item",
            "details": "Lorem ipsum dolor sit amet consect",
            "datetime": "Oct 18, 10:00 AM",
            "priority": 0.2
        },
        {
            "type": "action",
            "title": "Action Item",
            "details": "Lorem ipsum dolor sit amet consect",
            "datetime": "Oct 18, 10:00 AM",
            "priority": 0.4
        },
        {
            "type": "notification",
            "title": "Notification Item",
            "details": "Lorem ipsum dolor sit amet consect",
            "datetime": "Oct 18, 10:00 AM",
            "priority": 0.2
        },
        {
            "type": "alert",
            "title": "Alert Item",
            "details": "Lorem ipsum dolor sit amet consect",
            "datetime": "Oct 18, 10:00 AM",
            "priority": 0.7
        },
        {
            "type": "action",
            "title": "Action Item",
            "details": "Lorem ipsum dolor sit amet consect",
            "datetime": "Oct 18, 10:00 AM",
            "priority": 0.24
        },
        {
            "type": "notification",
            "title": "Notification Item",
            "details": "Lorem ipsum dolor sit amet consect",
            "datetime": "Oct 18, 10:00 AM",
            "priority": 0.4
        },
        {
            "type": "alert",
            "title": "Alert Item",
            "details": "Lorem ipsum dolor sit amet consect",
            "datetime": "Oct 18, 10:00 AM",
            "priority": 0.5
        },
        {
            "type": "action",
            "title": "Action Item",
            "details": "Lorem ipsum dolor sit amet consect",
            "datetime": "Oct 18, 10:00 AM",
            "priority": 0.89
        },
        {
            "type": "notification",
            "title": "Notification Item",
            "details": "Lorem ipsum dolor sit amet consect",
            "datetime": "Oct 18, 10:00 AM",
            "priority": 0.92
        },
        {
            "type": "alert",
            "title": "Alert Item",
            "details": "Lorem ipsum dolor sit amet consect",
            "datetime": "Oct 18, 10:00 AM",
            "priority": 0.72
        }
    ],
    "activityTypes": [
        "View All Activities",
        "Sort by Priority"
    ],
    "overview": [
        {
            "title": "Active Message Flows",
            "number": 5,
            "class": "blue"
        },
        {
            "title": "Draft Message Flows",
            "number": 2,
            "class": "blue"
        },
        {
            "title": "Components",
            "number": 15,
            "class": "blue"
        },
        {
            "title": "Templates",
            "number": 20,
            "class": "blue"
        },
        {
            "title": "Open issues",
            "number": 5,
            "class": "orange"
        },
        {
            "title": "Closed Issues",
            "number": 2,
            "class": "green"
        },
        {
            "title": "Exceptions",
            "number": 15,
            "class": "blue"
        },
        {
            "title": "Alerts",
            "number": 3,
            "class": "red"
        }
    ]
}