{
    "myMessageFlowsTitle": "My Message Flows",
    "messageFlowName" : "Message Flow Name",
    "messageFlowEditor": {
        "editors" :[
            {
                "name": "New",
                "class": "new",
                "active": true
            },
            {
                "name": "Open",
                "class": "open",
                "active": true
            },
            {
                "name": "Template",
                "class": "template",
                "active": true
            },
            {
                "name": "Undo",
                "class": "undo",
                "active": true
            },
            {
                "name": "Redo",
                "class": "redo",
                "active": true
            },
            {
                "name": "Copy",
                "class": "copy",
                "active": false
            },
            {
                "name": "Paste",
                "class": "paste",
                "active": false
            },
            {
                "name": "Config",
                "class": "config",
                "active": false
            },
            {
                "name": "Delete",
                "class": "delete",
                "active": false
            },
            {
                "name": "Quit",
                "class": "quit",
                "active": true
            }
        ],
        "issues": {
            "open": 2,
            "closed": 205
        }
    }
}
