{
    "myMessageFlowsTitle": "My Message Flows",
    "myMessageFlows": {
        "listItems": [
            {
                "name": "Message FLow Name",
                "detailInfo": "Detail Info, Detail Info",
                "mainText": "Lorem ipsum dolor sit amet, consectetuer adipiscing elit. Morbi commo, ipsum sed pharetra gravida, orci magna rhoncus neque, id pulvinar lorem non turpis. Nullam sit amet enim",
                "lastUpdateDatetime": "Oct 18, 10:00 AM",
                "chartData": [{
                        "value": 75,
                        "color": "#7ab800"
                },
                    {
                        "value": 25,
                        "color": "#ececec"
                }]
            },
            {
                "name": "Message FLow Name",
                "detailInfo": "Detail Info, Detail Info",
                "mainText": "Lorem ipsum dolor sit amet, consectetuer adipiscing elit. Morbi commo, ipsum sed pharetra gravida, orci magna rhoncus neque, id pulvinar lorem non turpis. Nullam sit amet enim",
                "lastUpdateDatetime": "Oct 18, 10:00 AM",
                "chartData": [{
                        "value": 50,
                        "color": "#7ab800"
                },
                    {
                        "value": 50,
                        "color": "#ececec"
                }]
            },
            {
                "name": "Message FLow Name",
                "detailInfo": "Detail Info, Detail Info",
                "mainText": "Lorem ipsum dolor sit amet, consectetuer adipiscing elit. Morbi commo, ipsum sed pharetra gravida, orci magna rhoncus neque, id pulvinar lorem non turpis. Nullam sit amet enim",
                "lastUpdateDatetime": "Oct 18, 10:00 AM",
                "chartData": [{
                        "value": 75,
                        "color": "#7ab800"
                },
                    {
                        "value": 25,
                        "color": "#ececec"
                }]
            },
            {
                "name": "Message FLow Name",
                "detailInfo": "Detail Info, Detail Info",
                "mainText": "Lorem ipsum dolor sit amet, consectetuer adipiscing elit. Morbi commo, ipsum sed pharetra gravida, orci magna rhoncus neque, id pulvinar lorem non turpis. Nullam sit amet enim",
                "lastUpdateDatetime": "Oct 18, 10:00 AM",
                "chartData": [{
                        "value": 15,
                        "color": "#7ab800"
                },
                    {
                        "value": 85,
                        "color": "#ececec"
                }]
            }

        ],
        "chartOptions": {
            "segmentShowStroke": false,
            "percentageInnerCutout": 80,
            "animationSteps": 60,
            "animationEasing": "easeOutQuart",
            "animateRotate": true,
            "animateScale": false,
            "showTooltips": false
        }
    }
}