{
    "menus": {
        "mainMenu": [
            {
                "iconClass": "with-dashboard-icon",
                "name": "DASHBOARD",
                "hasNumberIndicator": false,
                "href": "dashboard.html"
            },
            {
                "iconClass": "with-message-flows-icon",
                "name": "MESSAGE FLOWS",
                "hasNumberIndicator": true,
                "numberIndicatorClass": "blue",
                "numberIndicator": 5,
                "href": "my-message-flows.html"
            },
            {
                "iconClass": "with-create-flow-icon",
                "name": "CREATE FLOW",
                "hasNumberIndicator": false,
                "href": "message-flow-designer.html"
            },
            {
                "iconClass": "with-my-issues-icon",
                "name": "MY ISSUES",
                "hasNumberIndicator": true,
                "numberIndicatorClass": "orange",
                "numberIndicator": 108,
                "href": "javascript:;"
            },
            {
                "iconClass": "with-templates-icon",
                "name": "TEMPLATES",
                "hasNumberIndicator": false,
                "href": "javascript:;"
            },
            {
                "iconClass": "with-open-issues-icon",
                "name": "OPEN ISSUES",
                "hasNumberIndicator": false,
                "href": "javascript:;"
            },
            {
                "iconClass": "with-closed-issues-icon",
                "name": "CLOSED ISSUES",
                "hasNumberIndicator": false,
                "href": "javascript:;"
            },
            {
                "iconClass": "with-exceptions-icon",
                "name": "EXCEPTIONS",
                "hasNumberIndicator": false,
                "href": "javascript:;"
            },
            {
                "iconClass": "with-alerts-icon",
                "name": "ALERTS",
                "hasNumberIndicator": false,
                "href": "javascript:;"
            }
        ],
        "slaveMenu": [
            {
                "title": "COMPONENTS",
                "menuItems": [
                    {
                        "iconClass": "with-apis-icon",
                        "name": "APIS",
                        "hasNumberIndicator": false,
                        "href": "javascript:;"
                    }
                ]
            }
        ]
    },
    "user": {
        "username": "Username",
        "avatar": "i/user-avatar.png"
    }
}